Administrative District,Year,Total Enrollment,Grade 3K,Grade PK (Half Day & Full Day),Grade K,Grade 1,Grade 2,Grade 3,Grade 4,Grade 5,Grade 6,Grade 7,Grade 8,Grade 9,Grade 10,Grade 11,Grade 12,# Female,% Female,# Male,% Male,# Neither Female nor Male,% Neither Female nor Male,# Asian and Pacific Islander,% Asian and Pacific Islander,# Black,% Black,# Hispanic,% Hispanic,# Multi-Racial,% Multi-Racial,# Native American,% Native American,# White,% White,# Missing Race/Ethnicity Data,% Missing Race/Ethnicity Data,# Students with Disabilities,% Students with Disabilities,# English Language Learners,% English Language Learners,# Poverty,% Poverty,Economic Need Index
01,2020-21,"11,021",209,623,728,762,746,787,775,788,755,752,756,830,894,825,791,"5,278",47.9%,"5,743",52.1%,,,"2,331",21.2%,"1,630",14.8%,"4,483",40.7%,427,3.9%,57,0.5%,"1,992",18.1%,101,0.9%,"2,501",22.7%,919,8.3%,"7,087",64.3%,67.0%
01,2021-22,"10,327",347,524,685,701,686,680,707,717,707,687,718,756,815,784,813,"4,958",48.0%,"5,369",52.0%,,,"2,110",20.4%,"1,570",15.2%,"4,289",41.5%,417,4.0%,53,0.5%,"1,859",18.0%,29,0.3%,"2,440",23.6%,813,7.9%,"6,509",63.0%,65.5%
01,2022-23,"9,910",364,545,612,678,664,684,662,711,601,660,665,731,839,739,755,"4,824",48.7%,"5,084",51.3%,2,0.0%,"1,991",20.1%,"1,471",14.8%,"4,117",41.5%,418,4.2%,58,0.6%,"1,777",17.9%,78,0.8%,"2,406",24.3%,776,7.8%,"6,344",64.0%,67.3%
01,2023-24,"10,302",386,560,668,704,699,737,749,713,676,663,700,783,809,726,729,"5,073",49.2%,"5,227",50.7%,2,0.0%,"1,921",18.6%,"1,453",14.1%,"4,605",44.7%,469,4.6%,57,0.6%,"1,760",17.1%,37,0.4%,"2,396",23.3%,"1,225",11.9%,"6,961",67.6%,69.0%
01,2024-25,"9,827",314,459,619,659,668,689,675,705,596,659,632,862,811,758,721,"4,827",49.1%,"4,998",50.9%,2,0.0%,"1,898",19.3%,"1,374",14.0%,"4,282",43.6%,478,4.9%,55,0.6%,"1,703",17.3%,37,0.4%,"2,284",23.2%,"1,102",11.2%,"6,498",66.1%,67.9%
02,2020-21,"60,327",187,"2,416","2,695","2,622","2,506","2,600","2,525","2,481","2,625","2,638","2,674","9,135","8,992","8,535","7,696","31,440",52.1%,"28,887",47.9%,,,"13,455",22.3%,"8,338",13.8%,"19,782",32.8%,"2,169",3.6%,352,0.6%,"15,503",25.7%,728,1.2%,"10,992",18.2%,"4,835",8.0%,"32,302",53.5%,54.1%
02,2021-22,"57,900",837,"2,093","2,518","2,441","2,328","2,272","2,362","2,281","2,325","2,398","2,490","8,602","8,841","8,076","8,036","30,372",52.5%,"27,528",47.5%,,,"12,784",22.1%,"8,010",13.8%,"19,190",33.1%,"2,209",3.8%,370,0.6%,"14,647",25.3%,690,1.2%,"10,661",18.4%,"4,766",8.2%,"30,570",52.8%,53.2%
02,2022-23,"56,833","1,090","2,144","2,450","2,458","2,363","2,255","2,256","2,325","2,280","2,341","2,400","8,266","8,504","8,149","7,552","29,638",52.1%,"27,183",47.8%,12,0.0%,"12,033",21.2%,"7,542",13.3%,"18,844",33.2%,"2,276",4.0%,325,0.6%,"14,151",24.9%,"1,662",2.9%,"10,635",18.7%,"5,022",8.8%,"30,472",53.6%,54.7%
02,2023-24,"57,360","1,329","2,303","2,527","2,372","2,462","2,334","2,264","2,249","2,388","2,302","2,414","8,575","8,402","7,812","7,627","29,846",52.0%,"27,488",47.9%,26,0.0%,"11,898",20.7%,"7,617",13.3%,"20,421",35.6%,"2,465",4.3%,308,0.5%,"14,336",25.0%,315,0.5%,"10,638",18.5%,"6,035",10.5%,"32,175",56.1%,56.7%
02,2024-25,"56,856","1,088","2,383","2,460","2,376","2,313","2,372","2,260","2,215","2,286","2,346","2,330","8,730","8,597","7,380","7,720","29,396",51.7%,"27,434",48.3%,26,0.0%,"11,518",20.3%,"7,546",13.3%,"20,511",36.1%,"2,604",4.6%,305,0.5%,"14,014",24.6%,358,0.6%,"10,490",18.5%,"6,272",11.0%,"31,960",56.2%,57.1%
03,2020-21,"21,084",207,961,"1,166","1,195","1,153","1,131","1,185","1,257","1,324","1,342","1,427","2,025","2,478","2,090","2,143","11,412",54.1%,"9,672",45.9%,,,"2,007",9.5%,"4,057",19.2%,"6,778",32.1%,903,4.3%,122,0.6%,"6,669",31.6%,548,2.6%,"4,017",19.1%,939,4.5%,"10,107",47.9%,50.0%
03,2021-22,"19,766",394,923,"1,057","1,088","1,095","1,049","1,040","1,134","1,216","1,253","1,306","1,888","1,993","2,344","1,986","10,770",54.5%,"8,996",45.5%,,,"1,946",9.8%,"3,813",19.3%,"6,412",32.4%,853,4.3%,104,0.5%,"6,169",31.2%,469,2.4%,"3,903",19.7%,829,4.2%,"9,611",48.6%,49.5%
03,2022-23,"19,751",552,969,"1,097","1,068","1,100","1,090","1,049","1,040","1,142","1,163","1,263","2,159","1,945","1,881","2,233","10,775",54.6%,"8,969",45.4%,7,0.0%,"1,959",9.9%,"3,641",18.4%,"6,516",33.0%,880,4.5%,100,0.5%,"5,976",30.3%,679,3.4%,"4,028",20.4%,970,4.9%,"9,801",49.6%,51.5%
03,2023-24,"20,354",474,"1,023","1,302","1,227","1,157","1,204","1,180","1,147","1,158","1,242","1,289","2,125","2,167","1,827","1,832","11,266",55.4%,"9,077",44.6%,11,0.1%,"1,936",9.5%,"3,573",17.6%,"7,554",37.1%,988,4.9%,99,0.5%,"6,079",29.9%,125,0.6%,"4,071",20.0%,"1,912",9.4%,"10,863",53.4%,55.2%
03,2024-25,"20,105",529,"1,028","1,189","1,226","1,150","1,131","1,158","1,159","1,156","1,132","1,261","2,107","2,063","2,046","1,770","11,047",54.9%,"9,042",45.0%,16,0.1%,"1,884",9.4%,"3,436",17.1%,"7,394",36.8%,"1,093",5.4%,92,0.5%,"6,020",29.9%,186,0.9%,"4,045",20.1%,"1,805",9.0%,"10,601",52.7%,55.3%
04,2020-21,"12,336",499,743,711,711,770,734,776,871,977,944,953,918,932,897,900,"6,428",52.1%,"5,908",47.9%,,,"1,176",9.5%,"2,895",23.5%,"7,156",58.0%,224,1.8%,126,1.0%,630,5.1%,129,1.0%,"2,982",24.2%,"1,198",9.7%,"10,110",82.0%,83.2%
04,2021-22,"11,567",522,604,684,671,676,734,693,759,893,900,928,852,932,863,856,"6,026",52.1%,"5,541",47.9%,,,"1,065",9.2%,"2,759",23.9%,"6,715",58.1%,209,1.8%,109,0.9%,637,5.5%,73,0.6%,"2,907",25.1%,"1,175",10.2%,"9,359",80.9%,81.8%
04,2022-23,"11,339",504,605,611,645,656,674,707,711,795,858,913,"1,057",874,877,852,"5,809",51.2%,"5,526",48.7%,4,0.0%,"1,072",9.5%,"2,687",23.7%,"6,485",57.2%,202,1.8%,106,0.9%,656,5.8%,131,1.2%,"3,032",26.7%,"1,055",9.3%,"9,380",82.7%,83.4%
04,2023-24,"11,925",499,648,747,764,766,785,790,827,779,820,874,929,"1,013",843,841,"5,819",48.8%,"6,102",51.2%,4,0.0%,"1,040",8.7%,"2,443",20.5%,"7,447",62.4%,198,1.7%,120,1.0%,644,5.4%,33,0.3%,"2,959",24.8%,"2,131",17.9%,"10,263",86.1%,85.8%
04,2024-25,"11,392",455,567,603,724,744,753,759,740,786,755,822,976,942,972,794,"5,547",48.7%,"5,841",51.3%,4,0.0%,"1,048",9.2%,"2,352",20.6%,"7,014",61.6%,188,1.7%,112,1.0%,637,5.6%,41,0.4%,"2,873",25.2%,"1,981",17.4%,"9,631",84.5%,85.5%
05,2020-21,"9,998",446,800,489,563,568,575,636,690,665,642,700,901,853,734,736,"4,656",46.6%,"5,342",53.4%,,,368,3.7%,"4,669",46.7%,"3,937",39.4%,149,1.5%,88,0.9%,634,6.3%,153,1.5%,"2,525",25.3%,792,7.9%,"8,114",81.2%,83.3%
05,2021-22,"9,341",507,696,488,500,569,531,546,607,581,632,620,817,799,746,702,"4,349",46.6%,"4,992",53.4%,,,350,3.7%,"4,345",46.5%,"3,677",39.4%,115,1.2%,124,1.3%,638,6.8%,92,1.0%,"2,449",26.2%,729,7.8%,"7,509",80.4%,82.4%
05,2022-23,"8,656",443,644,459,485,510,546,487,532,501,560,603,743,737,659,747,"3,973",45.9%,"4,682",54.1%,1,0.0%,342,4.0%,"4,007",46.3%,"3,257",37.6%,133,1.5%,103,1.2%,651,7.5%,163,1.9%,"2,327",26.9%,676,7.8%,"7,100",82.0%,83.5%
05,2023-24,"8,596",419,640,509,489,510,510,549,523,483,538,598,835,683,665,645,"3,989",46.4%,"4,606",53.6%,1,0.0%,354,4.1%,"3,825",44.5%,"3,474",40.4%,154,1.8%,91,1.1%,684,8.0%,14,0.2%,"2,302",26.8%,969,11.3%,"7,173",83.4%,84.6%
05,2024-25,"8,356",342,608,506,517,494,506,516,549,478,499,561,731,790,591,668,"3,823",45.8%,"4,531",54.2%,2,0.0%,362,4.3%,"3,587",42.9%,"3,400",40.7%,207,2.5%,85,1.0%,679,8.1%,36,0.4%,"2,224",26.6%,"1,114",13.3%,"6,876",82.3%,84.6%
06,2020-21,"20,670",939,"1,512","1,309","1,341","1,400","1,430","1,526","1,522","1,388","1,424","1,531","1,627","1,308","1,126","1,287","10,184",49.3%,"10,486",50.7%,,,321,1.6%,"1,492",7.2%,"17,000",82.2%,316,1.5%,61,0.3%,"1,316",6.4%,164,0.8%,"4,375",21.2%,"5,014",24.3%,"17,179",83.1%,82.8%
06,2021-22,"19,424","1,190","1,362","1,203","1,241","1,236","1,321","1,354","1,394","1,272","1,330","1,376","1,543","1,351","1,170","1,081","9,561",49.2%,"9,863",50.8%,,,283,1.5%,"1,483",7.6%,"15,957",82.2%,267,1.4%,55,0.3%,"1,231",6.3%,148,0.8%,"4,138",21.3%,"4,891",25.2%,"15,809",81.4%,80.7%
06,2022-23,"18,521","1,102","1,346","1,202","1,183","1,218","1,195","1,312","1,264","1,157","1,277","1,335","1,401","1,382","1,055","1,092","9,098",49.1%,"9,422",50.9%,1,0.0%,242,1.3%,"1,412",7.6%,"15,001",81.0%,272,1.5%,50,0.3%,"1,247",6.7%,297,1.6%,"4,171",22.5%,"4,546",24.5%,"15,388",83.1%,82.8%
06,2023-24,"18,988","1,063","1,342","1,226","1,255","1,192","1,257","1,258","1,287","1,185","1,253","1,334","1,717","1,399","1,095","1,125","9,305",49.0%,"9,679",51.0%,4,0.0%,252,1.3%,"1,494",7.9%,"15,548",81.9%,292,1.5%,54,0.3%,"1,278",6.7%,70,0.4%,"4,252",22.4%,"5,074",26.7%,"16,152",85.1%,84.3%
06,2024-25,"18,696",933,"1,266","1,188","1,218","1,259","1,246","1,311","1,242","1,102","1,234","1,314","1,664","1,434","1,146","1,139","9,098",48.7%,"9,592",51.3%,6,0.0%,218,1.2%,"1,511",8.1%,"15,336",82.0%,299,1.6%,66,0.4%,"1,198",6.4%,68,0.4%,"4,165",22.3%,"5,264",28.2%,"15,794",84.5%,84.5%
07,2020-21,"17,533",745,"1,120",857,964,994,"1,060","1,051","1,156","1,064","1,035","1,078","1,738","1,821","1,513","1,337","8,230",46.9%,"9,303",53.1%,,,198,1.1%,"4,581",26.1%,"12,140",69.2%,83,0.5%,164,0.9%,272,1.6%,95,0.5%,"4,292",24.5%,"2,684",15.3%,"16,092",91.8%,92.7%
07,2021-22,"16,032",736,934,814,792,827,920,961,974,923,974,976,"1,768","1,692","1,365","1,376","7,645",47.7%,"8,387",52.3%,,,169,1.1%,"4,284",26.7%,"11,037",68.8%,69,0.4%,170,1.1%,259,1.6%,44,0.3%,"4,011",25.0%,"2,432",15.2%,"14,751",92.0%,92.1%
07,2022-23,"15,262",737,924,771,799,788,815,911,974,838,913,958,"1,574","1,639","1,328","1,293","7,218",47.3%,"8,044",52.7%,0,0.0%,164,1.1%,"4,108",26.9%,"10,329",67.7%,72,0.5%,167,1.1%,249,1.6%,173,1.1%,"3,919",25.7%,"2,315",15.2%,"14,232",93.3%,93.5%
07,2023-24,"14,785",719,874,767,755,800,782,797,890,809,827,878,"1,625","1,613","1,344","1,305","6,998",47.3%,"7,784",52.6%,3,0.0%,164,1.1%,"3,992",27.0%,"10,116",68.4%,68,0.5%,182,1.2%,237,1.6%,26,0.2%,"3,864",26.1%,"2,207",14.9%,"14,009",94.8%,94.5%
07,2024-25,"14,591",692,884,703,795,777,790,784,782,795,826,841,"1,602","1,713","1,333","1,274","6,899",47.3%,"7,690",52.7%,2,0.0%,142,1.0%,"3,892",26.7%,"10,043",68.8%,94,0.6%,167,1.1%,230,1.6%,23,0.2%,"3,850",26.4%,"2,275",15.6%,"13,736",94.1%,94.4%
08,2020-21,"25,731",738,"1,635","1,601","1,759","1,773","1,811","1,908","2,045","1,981","1,914","2,045","1,723","1,855","1,534","1,409","12,603",49.0%,"13,128",51.0%,,,"1,713",6.7%,"5,266",20.5%,"16,661",64.8%,167,0.6%,304,1.2%,"1,549",6.0%,71,0.3%,"5,869",22.8%,"3,523",13.7%,"21,565",83.8%,84.1%
08,2021-22,"24,338",879,"1,605","1,533","1,627","1,664","1,700","1,752","1,836","1,830","1,933","1,848","1,681","1,545","1,559","1,346","11,950",49.1%,"12,388",50.9%,,,"1,773",7.3%,"4,775",19.6%,"15,918",65.4%,150,0.6%,276,1.1%,"1,383",5.7%,63,0.3%,"5,526",22.7%,"3,537",14.5%,"20,119",82.7%,82.6%
08,2022-23,"23,814",932,"1,639","1,527","1,510","1,602","1,613","1,693","1,726","1,710","1,815","1,919","1,640","1,664","1,456","1,368","11,708",49.2%,"12,104",50.8%,2,0.0%,"1,795",7.5%,"4,601",19.3%,"15,333",64.4%,150,0.6%,276,1.2%,"1,349",5.7%,310,1.3%,"5,552",23.3%,"3,457",14.5%,"20,198",84.8%,84.9%
08,2023-24,"23,725",909,"1,566","1,524","1,554","1,530","1,631","1,656","1,711","1,660","1,754","1,893","1,832","1,662","1,511","1,332","11,693",49.3%,"12,029",50.7%,3,0.0%,"1,874",7.9%,"4,510",19.0%,"15,516",65.4%,172,0.7%,289,1.2%,"1,323",5.6%,41,0.2%,"5,663",23.9%,"3,697",15.6%,"20,671",87.1%,86.3%
08,2024-25,"23,196",912,"1,634","1,518","1,535","1,512","1,539","1,612","1,654","1,601","1,660","1,733","1,650","1,696","1,598","1,342","11,415",49.2%,"11,776",50.8%,5,0.0%,"1,957",8.4%,"4,411",19.0%,"15,086",65.0%,173,0.7%,284,1.2%,"1,244",5.4%,41,0.2%,"5,461",23.5%,"3,630",15.6%,"20,225",87.2%,87.0%
09,2020-21,"31,124","1,173","2,039","1,761","2,077","2,149","2,280","2,332","2,409","2,216","2,402","2,448","2,119","2,156","1,816","1,747","15,491",49.8%,"15,633",50.2%,,,426,1.4%,"8,290",26.6%,"21,467",69.0%,120,0.4%,198,0.6%,423,1.4%,200,0.6%,"7,025",22.6%,"6,580",21.1%,"28,791",92.5%,93.8%
09,2021-22,"28,491","1,334","1,899","1,726","1,741","1,898","1,981","2,028","2,096","2,022","2,067","2,270","2,050","1,839","1,832","1,708","14,064",49.4%,"14,427",50.6%,,,353,1.2%,"7,590",26.6%,"19,776",69.4%,95,0.3%,181,0.6%,391,1.4%,105,0.4%,"6,547",23.0%,"6,228",21.9%,"26,015",91.3%,92.3%
09,2022-23,"27,028","1,269","1,723","1,705","1,768","1,712","1,800","1,939","1,980","1,927","1,983","2,052","1,960","1,933","1,639","1,638","13,316",49.3%,"13,710",50.7%,2,0.0%,310,1.1%,"7,086",26.2%,"18,701",69.2%,98,0.4%,187,0.7%,375,1.4%,271,1.0%,"6,396",23.7%,"5,814",21.5%,"25,333",93.7%,94.2%
09,2023-24,"26,460","1,189","1,731","1,586","1,755","1,782","1,717","1,841","1,926","1,819","1,923","2,031","2,067","1,886","1,691","1,516","12,937",48.9%,"13,519",51.1%,4,0.0%,304,1.1%,"6,800",25.7%,"18,656",70.5%,127,0.5%,206,0.8%,345,1.3%,22,0.1%,"6,474",24.5%,"5,829",22.0%,"25,148",95.0%,95.4%
09,2024-25,"25,404","1,148","1,536","1,530","1,638","1,667","1,775","1,725","1,845","1,685","1,788","1,963","1,854","1,972","1,665","1,613","12,347",48.6%,"13,055",51.4%,2,0.0%,259,1.0%,"6,621",26.1%,"17,820",70.1%,131,0.5%,209,0.8%,344,1.4%,20,0.1%,"6,287",24.7%,"5,694",22.4%,"24,200",95.3%,95.4%
10,2020-21,"50,700",501,"2,918","3,141","3,407","3,478","3,723","3,748","3,761","3,666","3,541","3,740","4,103","3,921","3,616","3,436","24,881",49.1%,"25,819",50.9%,,,"3,959",7.8%,"7,484",14.8%,"35,213",69.5%,389,0.8%,430,0.8%,"2,995",5.9%,230,0.5%,"10,326",20.4%,"10,298",20.3%,"42,258",83.3%,84.2%
10,2021-22,"48,016","1,634","2,767","2,870","2,988","3,105","3,165","3,446","3,403","3,234","3,351","3,379","4,090","3,754","3,525","3,305","23,573",49.1%,"24,443",50.9%,,,"3,771",7.9%,"7,067",14.7%,"33,163",69.1%,445,0.9%,398,0.8%,"2,983",6.2%,189,0.4%,"9,643",20.1%,"9,656",20.1%,"39,063",81.4%,82.0%
10,2022-23,"46,014","1,697","2,756","2,685","2,840","2,900","2,968","3,084","3,296","3,055","3,056","3,309","3,941","3,832","3,455","3,140","22,593",49.1%,"23,415",50.9%,6,0.0%,"3,504",7.6%,"6,721",14.6%,"31,604",68.7%,463,1.0%,353,0.8%,"2,874",6.2%,495,1.1%,"9,462",20.6%,"8,916",19.4%,"38,400",83.5%,84.1%
10,2023-24,"44,968","1,652","2,757","2,636","2,705","2,794","2,876","2,964","3,114","2,992","3,059","3,110","3,858","3,818","3,496","3,137","22,127",49.2%,"22,832",50.8%,9,0.0%,"3,504",7.8%,"6,476",14.4%,"31,205",69.4%,490,1.1%,372,0.8%,"2,833",6.3%,88,0.2%,"9,441",21.0%,"8,752",19.5%,"38,470",85.5%,85.2%
10,2024-25,"44,138","1,702","2,721","2,550","2,663","2,669","2,749","2,849","2,918","2,889","3,002","3,129","3,803","3,799","3,455","3,240","21,581",48.9%,"22,552",51.1%,5,0.0%,"3,358",7.6%,"6,402",14.5%,"30,643",69.4%,513,1.2%,366,0.8%,"2,752",6.2%,104,0.2%,"9,194",20.8%,"8,599",19.5%,"37,484",84.9%,84.7%
11,2020-21,"36,222",75,"2,478","2,360","2,520","2,788","2,743","2,774","3,001","2,888","2,935","3,167","2,421","2,301","1,951","1,820","17,372",48.0%,"18,850",52.0%,,,"3,335",9.2%,"13,039",36.0%,"15,745",43.5%,298,0.8%,459,1.3%,"3,264",9.0%,82,0.2%,"7,478",20.6%,"4,357",12.0%,"29,200",80.6%,79.5%
11,2021-22,"34,491","1,122","2,380","2,277","2,321","2,336","2,575","2,576","2,589","2,681","2,748","2,832","2,413","2,018","1,872","1,751","16,556",48.0%,"17,935",52.0%,,,"3,217",9.3%,"12,228",35.5%,"15,028",43.6%,302,0.9%,420,1.2%,"3,159",9.2%,137,0.4%,"6,912",20.0%,"4,211",12.2%,"27,184",78.8%,77.4%
11,2022-23,"33,421","1,239","2,411","2,286","2,362","2,329","2,291","2,536","2,533","2,424","2,678","2,747","2,015","2,155","1,722","1,693","16,120",48.2%,"17,297",51.8%,4,0.0%,"2,987",8.9%,"11,536",34.5%,"14,631",43.8%,300,0.9%,410,1.2%,"3,211",9.6%,346,1.0%,"6,896",20.6%,"4,150",12.4%,"27,210",81.4%,80.9%
11,2023-24,"32,967","1,290","2,197","2,297","2,450","2,378","2,362","2,336","2,604","2,521","2,486","2,733","1,997","1,933","1,877","1,506","15,841",48.1%,"17,122",51.9%,4,0.0%,"2,985",9.1%,"11,202",34.0%,"14,787",44.9%,327,1.0%,441,1.3%,"3,189",9.7%,36,0.1%,"6,970",21.1%,"4,454",13.5%,"27,896",84.6%,83.1%
11,2024-25,"32,903","1,348","2,264","2,230","2,397","2,429","2,429","2,394","2,356","2,549","2,533","2,547","2,083","1,898","1,728","1,718","15,844",48.2%,"17,055",51.8%,4,0.0%,"3,076",9.3%,"10,858",33.0%,"14,891",45.3%,331,1.0%,439,1.3%,"3,262",9.9%,46,0.1%,"7,064",21.5%,"4,497",13.7%,"27,707",84.2%,83.3%
12,2020-21,"19,245",116,930,"1,248","1,473","1,437","1,522","1,569","1,692","1,414","1,454","1,501","1,162","1,386","1,211","1,130","9,440",49.1%,"9,805",50.9%,,,607,3.2%,"4,521",23.5%,"13,434",69.8%,79,0.4%,229,1.2%,285,1.5%,90,0.5%,"4,479",23.3%,"3,969",20.6%,"17,841",92.7%,93.8%
12,2021-22,"18,091",608,872,"1,273","1,209","1,376","1,358","1,419","1,433","1,223","1,349","1,397","1,172","1,204","1,190","1,008","8,768",48.5%,"9,323",51.5%,,,535,3.0%,"4,279",23.7%,"12,684",70.1%,84,0.5%,204,1.1%,242,1.3%,63,0.3%,"4,158",23.0%,"3,900",21.6%,"16,558",91.5%,92.0%
12,2022-23,"17,183",619,952,"1,127","1,274","1,186","1,328","1,311","1,377","1,045","1,182","1,357","1,166","1,166","1,076","1,017","8,397",48.9%,"8,786",51.1%,0,0.0%,489,2.8%,"3,961",23.1%,"12,077",70.3%,88,0.5%,181,1.1%,235,1.4%,152,0.9%,"4,049",23.6%,"3,650",21.2%,"16,038",93.3%,93.9%
12,2023-24,"16,868",614,984,"1,199","1,166","1,248","1,215","1,305","1,307","1,040","1,063","1,228","1,252","1,159","1,135",953,"8,286",49.1%,"8,581",50.9%,1,0.0%,526,3.1%,"3,919",23.2%,"11,908",70.6%,95,0.6%,182,1.1%,227,1.3%,11,0.1%,"4,048",24.0%,"3,713",22.0%,"15,939",94.5%,94.7%
12,2024-25,"16,667",610,979,"1,223","1,235","1,119","1,255","1,223","1,278","1,023","1,081","1,071","1,197","1,255","1,118","1,000","8,132",48.8%,"8,532",51.2%,3,0.0%,516,3.1%,"3,752",22.5%,"11,871",71.2%,122,0.7%,176,1.1%,217,1.3%,13,0.1%,"4,090",24.5%,"3,681",22.1%,"15,648",93.9%,94.1%
13,2020-21,"20,653",89,"1,092","1,047",949,"1,040","1,011",969,957,681,660,672,"2,874","3,051","2,818","2,743","9,813",47.5%,"10,840",52.5%,,,"4,343",21.0%,"8,118",39.3%,"3,583",17.3%,559,2.7%,167,0.8%,"3,637",17.6%,246,1.2%,"2,912",14.1%,882,4.3%,"12,923",62.6%,60.7%
13,2021-22,"20,269",551,994,997,963,870,956,934,896,607,615,629,"2,915","2,781","2,878","2,683","9,746",48.1%,"10,523",51.9%,,,"4,351",21.5%,"7,626",37.6%,"3,628",17.9%,581,2.9%,163,0.8%,"3,677",18.1%,243,1.2%,"2,861",14.1%,881,4.3%,"12,222",60.3%,59.0%
13,2022-23,"19,883",624,"1,094",956,983,926,844,926,906,581,572,587,"2,682","2,849","2,622","2,731","9,638",48.5%,"10,241",51.5%,4,0.0%,"4,282",21.5%,"7,062",35.5%,"3,540",17.8%,622,3.1%,173,0.9%,"3,785",19.0%,419,2.1%,"2,892",14.5%,852,4.3%,"11,954",60.1%,59.6%
13,2023-24,"19,926",745,"1,051","1,058",983,966,897,824,919,589,559,551,"2,846","2,711","2,716","2,511","9,605",48.2%,"10,312",51.8%,9,0.0%,"4,258",21.4%,"6,924",34.7%,"3,675",18.4%,721,3.6%,179,0.9%,"4,004",20.1%,165,0.8%,"3,030",15.2%,865,4.3%,"12,359",62.0%,60.4%
13,2024-25,"20,062",722,"1,094","1,101","1,063",981,957,884,828,565,554,557,"2,685","2,762","2,613","2,696","9,603",47.9%,"10,445",52.1%,14,0.1%,"4,186",20.9%,"6,688",33.3%,"3,854",19.2%,771,3.8%,167,0.8%,"4,184",20.9%,212,1.1%,"2,984",14.9%,"1,014",5.1%,"12,026",59.9%,59.4%
14,2020-21,"17,576",328,"1,174","1,086","1,053","1,069","1,096","1,115","1,105","1,143","1,181","1,207","1,643","1,572","1,460","1,344","8,442",48.0%,"9,134",52.0%,,,"1,050",6.0%,"3,452",19.6%,"9,532",54.2%,327,1.9%,97,0.6%,"2,935",16.7%,183,1.0%,"3,794",21.6%,"1,725",9.8%,"12,805",72.9%,74.9%
14,2021-22,"16,673",635,"1,128",940,"1,004",943,952,989,"1,015",987,"1,056","1,135","1,623","1,552","1,369","1,345","8,050",48.3%,"8,623",51.7%,,,996,6.0%,"3,326",19.9%,"9,031",54.2%,301,1.8%,100,0.6%,"2,790",16.7%,129,0.8%,"3,668",22.0%,"1,660",10.0%,"11,710",70.2%,72.9%
14,2022-23,"16,337",823,"1,148",938,940,938,916,899,958,956,965,"1,039","1,640","1,554","1,380","1,243","7,904",48.4%,"8,431",51.6%,2,0.0%,905,5.5%,"3,202",19.6%,"8,595",52.6%,311,1.9%,100,0.6%,"2,914",17.8%,310,1.9%,"3,588",22.0%,"1,659",10.2%,"11,756",72.0%,75.3%
14,2023-24,"16,263",793,"1,160",963,913,921,932,910,897,931,983,966,"1,551","1,573","1,417","1,353","7,848",48.3%,"8,409",51.7%,6,0.0%,878,5.4%,"3,114",19.1%,"8,691",53.4%,374,2.3%,102,0.6%,"2,887",17.8%,217,1.3%,"3,713",22.8%,"1,763",10.8%,"12,108",74.5%,75.6%
14,2024-25,"16,334",710,"1,117",991,950,946,918,927,926,974,936,"1,024","1,586","1,614","1,398","1,317","7,834",48.0%,"8,491",52.0%,9,0.1%,833,5.1%,"3,024",18.5%,"8,817",54.0%,421,2.6%,103,0.6%,"2,950",18.1%,186,1.1%,"3,622",22.2%,"2,070",12.7%,"11,923",73.0%,74.9%
15,2020-21,"31,261",235,"2,261","2,594","2,687","2,676","2,699","2,710","2,633","2,104","2,085","2,217","1,519","1,809","1,565","1,467","15,653",50.1%,"15,608",49.9%,,,"5,281",16.9%,"4,028",12.9%,"11,115",35.6%,"1,183",3.8%,148,0.5%,"9,250",29.6%,256,0.8%,"6,739",21.6%,"4,385",14.0%,"17,676",56.5%,57.9%
15,2021-22,"29,777",895,"2,132","2,421","2,423","2,371","2,468","2,452","2,501","1,946","1,925","1,975","1,571","1,680","1,511","1,506","15,039",50.5%,"14,738",49.5%,,,"4,920",16.5%,"3,784",12.7%,"10,626",35.7%,"1,227",4.1%,132,0.4%,"8,885",29.8%,203,0.7%,"6,531",21.9%,"4,098",13.8%,"16,217",54.5%,55.6%
15,2022-23,"29,498","1,279","2,227","2,356","2,394","2,333","2,303","2,415","2,361","1,916","1,857","1,903","1,559","1,743","1,474","1,378","14,892",50.5%,"14,591",49.5%,15,0.1%,"4,696",15.9%,"3,534",12.0%,"10,519",35.7%,"1,338",4.5%,126,0.4%,"8,911",30.2%,374,1.3%,"6,615",22.4%,"4,025",13.6%,"16,529",56.0%,56.7%
15,2023-24,"28,859","1,299","2,106","2,386","2,327","2,350","2,316","2,267","2,340","1,751","1,862","1,838","1,408","1,782","1,454","1,373","14,473",50.2%,"14,365",49.8%,21,0.1%,"4,440",15.4%,"3,331",11.5%,"10,654",36.9%,"1,430",5.0%,117,0.4%,"8,781",30.4%,106,0.4%,"6,498",22.5%,"4,151",14.4%,"16,449",57.0%,57.1%
15,2024-25,"28,546","1,302","2,177","2,339","2,290","2,243","2,303","2,294","2,243","1,855","1,718","1,842","1,369","1,677","1,509","1,385","14,348",50.3%,"14,182",49.7%,16,0.1%,"4,235",14.8%,"3,258",11.4%,"10,436",36.6%,"1,587",5.6%,119,0.4%,"8,805",30.8%,106,0.4%,"6,318",22.1%,"4,022",14.1%,"15,761",55.2%,56.4%
16,2020-21,"6,302",444,585,446,434,431,455,432,470,348,287,307,388,411,442,422,"3,018",47.9%,"3,284",52.1%,,,146,2.3%,"4,434",70.4%,"1,270",20.2%,72,1.1%,62,1.0%,268,4.3%,50,0.8%,"1,513",24.0%,325,5.2%,"5,225",82.9%,82.1%
16,2021-22,"5,970",412,521,437,435,417,424,422,430,284,331,276,385,362,386,448,"2,835",47.5%,"3,135",52.5%,,,134,2.2%,"4,126",69.1%,"1,338",22.4%,72,1.2%,60,1.0%,227,3.8%,13,0.2%,"1,453",24.3%,354,5.9%,"4,856",81.3%,82.0%
16,2022-23,"5,701",368,526,433,405,399,397,410,393,276,287,331,302,367,451,356,"2,753",48.3%,"2,947",51.7%,1,0.0%,140,2.5%,"3,843",67.4%,"1,277",22.4%,75,1.3%,63,1.1%,240,4.2%,63,1.1%,"1,396",24.5%,344,6.0%,"4,746",83.2%,84.7%
16,2023-24,"5,592",332,453,435,415,431,401,411,425,262,295,328,308,337,410,349,"2,734",48.9%,"2,856",51.1%,2,0.0%,137,2.4%,"3,563",63.7%,"1,438",25.7%,82,1.5%,63,1.1%,267,4.8%,42,0.8%,"1,367",24.4%,522,9.3%,"4,899",87.6%,86.5%
16,2024-25,"5,416",329,424,418,425,397,418,394,392,297,264,285,322,356,345,350,"2,656",49.0%,"2,759",50.9%,1,0.0%,122,2.3%,"3,446",63.6%,"1,393",25.7%,100,1.8%,58,1.1%,261,4.8%,36,0.7%,"1,341",24.8%,534,9.9%,"4,701",86.8%,86.0%
17,2020-21,"20,533",408,"1,454","1,028","1,128","1,034","1,201","1,178","1,231","1,388","1,474","1,533","2,032","1,859","1,768","1,817","10,400",50.7%,"10,133",49.3%,,,625,3.0%,"14,702",71.6%,"3,461",16.9%,236,1.1%,273,1.3%,"1,027",5.0%,209,1.0%,"3,933",19.2%,"1,966",9.6%,"16,473",80.2%,77.5%
17,2021-22,"20,128","1,117","1,513","1,025",990,995,966,"1,099","1,137","1,171","1,346","1,436","2,117","1,773","1,681","1,762","10,157",50.5%,"9,971",49.5%,,,605,3.0%,"14,281",71.0%,"3,469",17.2%,236,1.2%,260,1.3%,"1,160",5.8%,117,0.6%,"3,864",19.2%,"1,935",9.6%,"15,599",77.5%,74.3%
17,2022-23,"19,328","1,138","1,702","1,035","1,023",945,951,945,"1,078","1,127","1,151","1,311","1,835","1,815","1,589","1,683","9,683",50.1%,"9,644",49.9%,1,0.0%,543,2.8%,"13,229",68.4%,"3,484",18.0%,244,1.3%,248,1.3%,"1,181",6.1%,399,2.1%,"3,754",19.4%,"1,853",9.6%,"15,637",80.9%,78.0%
17,2023-24,"18,875","1,005","1,516","1,104","1,004","1,011",937,977,983,"1,131","1,137","1,162","1,939","1,739","1,683","1,547","9,510",50.4%,"9,363",49.6%,2,0.0%,519,2.7%,"12,930",68.5%,"3,606",19.1%,247,1.3%,247,1.3%,"1,183",6.3%,143,0.8%,"3,796",20.1%,"2,116",11.2%,"15,733",83.4%,80.8%
17,2024-25,"18,912","1,113","1,509","1,029","1,090","1,003","1,016",929,"1,043",971,"1,138","1,182","1,832","1,777","1,566","1,714","9,520",50.3%,"9,387",49.6%,5,0.0%,461,2.4%,"12,818",67.8%,"3,695",19.5%,287,1.5%,246,1.3%,"1,273",6.7%,132,0.7%,"3,733",19.7%,"2,365",12.5%,"15,266",80.7%,80.6%
18,2020-21,"12,602",152,966,772,764,786,880,931,"1,013",942,940,"1,057",863,893,770,873,"6,037",47.9%,"6,565",52.1%,,,286,2.3%,"10,372",82.3%,"1,155",9.2%,95,0.8%,113,0.9%,525,4.2%,56,0.4%,"2,588",20.5%,908,7.2%,"9,826",78.0%,74.0%
18,2021-22,"12,068",813,"1,072",675,732,688,731,797,878,828,888,892,835,763,707,769,"5,723",47.4%,"6,345",52.6%,,,285,2.4%,"9,868",81.8%,"1,108",9.2%,103,0.9%,108,0.9%,523,4.3%,73,0.6%,"2,465",20.4%,864,7.2%,"8,987",74.5%,69.5%
18,2022-23,"11,768",848,"1,189",699,701,708,698,702,810,773,812,859,749,810,701,709,"5,594",47.5%,"6,174",52.5%,0,0.0%,317,2.7%,"9,288",78.9%,"1,199",10.2%,103,0.9%,123,1.0%,588,5.0%,150,1.3%,"2,436",20.7%,847,7.2%,"9,322",79.2%,74.9%
18,2023-24,"11,762",795,"1,093",806,689,723,741,745,728,744,776,835,785,775,808,719,"5,615",47.7%,"6,147",52.3%,0,0.0%,327,2.8%,"9,278",78.9%,"1,253",10.7%,120,1.0%,136,1.2%,595,5.1%,53,0.5%,"2,544",21.6%,"1,001",8.5%,"9,774",83.1%,78.9%
18,2024-25,"12,244",661,"1,065",774,833,738,780,786,752,766,803,846,890,948,814,788,"5,801",47.4%,"6,437",52.6%,6,0.0%,356,2.9%,"9,442",77.1%,"1,532",12.5%,115,0.9%,152,1.2%,592,4.8%,55,0.4%,"2,599",21.2%,"1,397",11.4%,"10,075",82.3%,80.2%
19,2020-21,"20,872",859,"1,471","1,230","1,358","1,379","1,432","1,485","1,545","1,424","1,563","1,587","1,641","1,511","1,233","1,154","9,896",47.4%,"10,976",52.6%,,,"1,786",8.6%,"8,544",40.9%,"9,418",45.1%,174,0.8%,323,1.5%,440,2.1%,187,0.9%,"4,451",21.3%,"2,706",13.0%,"18,469",88.5%,87.4%
19,2021-22,"19,959","1,058","1,440","1,345","1,242","1,250","1,274","1,348","1,396","1,366","1,365","1,474","1,600","1,394","1,308","1,099","9,512",47.7%,"10,447",52.3%,,,"1,719",8.6%,"8,111",40.6%,"9,202",46.1%,114,0.6%,313,1.6%,410,2.1%,90,0.5%,"4,250",21.3%,"2,749",13.8%,"17,114",85.7%,85.0%
19,2022-23,"19,490","1,054","1,454","1,237","1,277","1,187","1,225","1,244","1,352","1,297","1,364","1,385","1,546","1,524","1,226","1,118","9,332",47.9%,"10,158",52.1%,0,0.0%,"1,676",8.6%,"7,705",39.5%,"8,915",45.7%,125,0.6%,345,1.8%,394,2.0%,330,1.7%,"4,291",22.0%,"2,753",14.1%,"17,325",88.9%,87.7%
19,2023-24,"19,532",919,"1,339","1,302","1,291","1,290","1,232","1,229","1,291","1,282","1,329","1,405","1,629","1,544","1,319","1,131","9,382",48.0%,"10,150",52.0%,0,0.0%,"1,732",8.9%,"7,343",37.6%,"9,432",48.3%,118,0.6%,328,1.7%,392,2.0%,187,1.0%,"4,278",21.9%,"3,295",16.9%,"17,753",90.9%,89.5%
19,2024-25,"19,705",922,"1,351","1,239","1,339","1,286","1,322","1,265","1,275","1,182","1,317","1,362","1,678","1,588","1,393","1,186","9,537",48.4%,"10,167",51.6%,1,0.0%,"1,826",9.3%,"7,251",36.8%,"9,544",48.4%,149,0.8%,327,1.7%,431,2.2%,177,0.9%,"4,298",21.8%,"3,553",18.0%,"17,766",90.2%,89.4%
20,2020-21,"52,641",410,"3,774","3,719","3,800","3,683","4,101","3,948","3,860","4,061","3,982","4,119","3,772","3,640","2,963","2,809","25,365",48.2%,"27,276",51.8%,,,"23,201",44.1%,"1,258",2.4%,"14,064",26.7%,424,0.8%,197,0.4%,"13,295",25.3%,202,0.4%,"8,631",16.4%,"11,906",22.6%,"40,312",76.6%,75.4%
20,2021-22,"50,411","1,880","3,347","3,417","3,555","3,496","3,452","3,822","3,742","3,613","3,875","3,880","3,342","3,433","2,668","2,889","24,234",48.1%,"26,177",51.9%,,,"21,906",43.5%,"1,174",2.3%,"13,835",27.4%,394,0.8%,194,0.4%,"12,694",25.2%,214,0.4%,"8,536",16.9%,"10,986",21.8%,"37,192",73.8%,72.6%
20,2022-23,"50,141","2,615","3,395","3,221","3,503","3,524","3,462","3,414","3,831","3,699","3,630","3,901","3,314","3,133","2,764","2,735","24,130",48.1%,"26,011",51.9%,0,0.0%,"21,496",42.9%,"1,108",2.2%,"13,787",27.5%,437,0.9%,216,0.4%,"12,591",25.1%,506,1.0%,"8,666",17.3%,"10,351",20.6%,"38,208",76.2%,75.8%
20,2023-24,"50,168","2,572","3,479","3,170","3,314","3,582","3,571","3,528","3,489","3,812","3,761","3,735","3,652","3,185","2,583","2,735","24,148",48.1%,"26,019",51.9%,1,0.0%,"21,724",43.3%,"1,023",2.0%,"14,073",28.1%,507,1.0%,224,0.4%,"12,509",24.9%,108,0.2%,"8,702",17.3%,"10,577",21.1%,"39,604",78.9%,77.7%
20,2024-25,"49,977","2,623","3,314","3,117","3,189","3,341","3,629","3,603","3,602","3,567","3,902","3,864","3,436","3,471","2,695","2,624","24,052",48.1%,"25,919",51.9%,6,0.0%,"21,464",42.9%,953,1.9%,"14,250",28.5%,554,1.1%,222,0.4%,"12,379",24.8%,155,0.3%,"8,562",17.1%,"11,038",22.1%,"39,060",78.2%,77.2%
21,2020-21,"36,039",180,"2,566","1,924","2,086","2,043","2,070","2,094","2,082","3,304","3,157","3,172","3,261","3,238","2,436","2,426","17,598",48.8%,"18,441",51.2%,,,"9,386",26.0%,"4,548",12.6%,"9,056",25.1%,301,0.8%,281,0.8%,"12,059",33.5%,408,1.1%,"6,573",18.2%,"6,814",18.9%,"26,209",72.7%,74.1%
21,2021-22,"36,618","1,583","2,660","1,930","1,936","1,961","1,927","1,926","2,014","2,973","3,117","3,060","3,601","3,009","2,540","2,381","17,843",48.7%,"18,775",51.3%,,,"9,358",25.6%,"4,461",12.2%,"9,368",25.6%,351,1.0%,276,0.8%,"12,507",34.2%,297,0.8%,"6,849",18.7%,"6,557",17.9%,"25,684",70.1%,71.2%
21,2022-23,"37,501","1,978","2,762","1,888","2,060","1,992","1,968","2,006","2,042","2,979","3,000","3,224","3,414","3,243","2,487","2,458","18,364",49.0%,"19,134",51.0%,3,0.0%,"9,282",24.8%,"4,357",11.6%,"9,400",25.1%,388,1.0%,260,0.7%,"13,217",35.2%,597,1.6%,"6,873",18.3%,"7,188",19.2%,"27,847",74.3%,75.5%
21,2023-24,"37,914","2,071","2,808","1,911","1,984","2,115","2,017","2,045","2,086","3,151","2,977","3,107","3,366","3,102","2,803","2,371","18,511",48.8%,"19,396",51.2%,7,0.0%,"9,465",25.0%,"4,201",11.1%,"9,523",25.1%,471,1.2%,278,0.7%,"13,822",36.5%,154,0.4%,"6,971",18.4%,"7,548",19.9%,"29,541",77.9%,78.0%
21,2024-25,"37,787","1,930","2,713","1,908","1,962","1,988","2,100","2,015","2,090","3,116","3,196","3,093","3,380","2,990","2,592","2,714","18,515",49.0%,"19,269",51.0%,3,0.0%,"9,559",25.3%,"3,972",10.5%,"9,519",25.2%,523,1.4%,265,0.7%,"13,778",36.5%,171,0.5%,"6,884",18.2%,"7,389",19.6%,"29,012",76.8%,77.5%
22,2020-21,"33,431",206,"2,491","2,264","2,398","2,409","2,500","2,464","2,550","1,960","1,983","1,986","2,629","2,706","2,490","2,395","16,477",49.3%,"16,954",50.7%,,,"7,353",22.0%,"8,942",26.7%,"5,157",15.4%,445,1.3%,294,0.9%,"11,031",33.0%,209,0.6%,"5,933",17.7%,"4,161",12.4%,"23,254",69.6%,64.5%
22,2021-22,"32,524","1,393","2,434","2,137","2,185","2,222","2,227","2,346","2,315","1,778","1,841","1,909","2,433","2,639","2,256","2,409","16,173",49.7%,"16,351",50.3%,,,"7,367",22.7%,"8,318",25.6%,"4,947",15.2%,472,1.5%,305,0.9%,"10,870",33.4%,245,0.8%,"5,893",18.1%,"3,963",12.2%,"21,807",67.0%,61.9%
22,2022-23,"33,434","1,997","2,611","2,212","2,205","2,226","2,243","2,230","2,402","1,724","1,801","1,896","2,766","2,548","2,360","2,213","16,521",49.4%,"16,905",50.6%,8,0.0%,"7,704",23.0%,"8,047",24.1%,"5,041",15.1%,533,1.6%,315,0.9%,"11,474",34.3%,320,1.0%,"6,081",18.2%,"4,405",13.2%,"23,347",69.8%,66.6%
22,2023-24,"33,620","1,903","2,648","2,255","2,320","2,259","2,240","2,276","2,318","1,797","1,793","1,868","2,564","2,764","2,257","2,358","16,555",49.2%,"17,061",50.7%,4,0.0%,"7,906",23.5%,"7,830",23.3%,"5,186",15.4%,604,1.8%,337,1.0%,"11,622",34.6%,135,0.4%,"6,116",18.2%,"4,952",14.7%,"24,471",72.8%,70.2%
22,2024-25,"33,603","1,569","2,597","2,300","2,365","2,333","2,288","2,305","2,365","1,818","1,906","1,856","2,546","2,664","2,444","2,247","16,397",48.8%,"17,202",51.2%,4,0.0%,"7,822",23.3%,"7,673",22.8%,"5,725",17.0%,657,2.0%,324,1.0%,"11,296",33.6%,106,0.3%,"5,918",17.6%,"5,290",15.7%,"24,551",73.1%,70.7%
23,2020-21,"8,309",425,672,567,562,561,607,599,641,705,749,818,388,343,351,321,"3,767",45.3%,"4,542",54.7%,,,117,1.4%,"5,969",71.8%,"1,834",22.1%,110,1.3%,91,1.1%,129,1.6%,59,0.7%,"2,055",24.7%,421,5.1%,"7,369",88.7%,89.7%
23,2021-22,"7,863",476,616,523,566,530,512,563,584,657,687,706,463,396,317,267,"3,585",45.6%,"4,278",54.4%,,,102,1.3%,"5,624",71.5%,"1,867",23.7%,59,0.8%,79,1.0%,111,1.4%,21,0.3%,"1,898",24.1%,422,5.4%,"7,005",89.1%,88.4%
23,2022-23,"7,895",448,591,530,530,552,541,501,586,630,673,694,420,505,355,339,"3,636",46.1%,"4,259",53.9%,0,0.0%,84,1.1%,"5,435",68.8%,"2,005",25.4%,70,0.9%,82,1.0%,115,1.5%,104,1.3%,"2,046",25.9%,552,7.0%,"7,179",90.9%,90.9%
23,2023-24,"7,975",452,574,530,576,554,552,551,530,640,631,672,466,456,446,345,"3,690",46.3%,"4,285",53.7%,0,0.0%,94,1.2%,"5,163",64.7%,"2,361",29.6%,74,0.9%,92,1.2%,117,1.5%,74,0.9%,"1,995",25.0%,794,10.0%,"7,403",92.8%,92.5%
23,2024-25,"7,763",468,562,513,499,556,539,527,551,528,606,638,466,454,402,454,"3,618",46.6%,"4,145",53.4%,0,0.0%,89,1.1%,"5,083",65.5%,"2,243",28.9%,76,1.0%,93,1.2%,120,1.5%,59,0.8%,"1,973",25.4%,749,9.6%,"7,122",91.7%,92.0%
24,2020-21,"55,158",175,"3,356","4,082","4,074","4,267","4,336","4,417","4,356","4,009","4,278","4,311","3,575","3,552","3,046","3,324","26,309",47.7%,"28,849",52.3%,,,"10,921",19.8%,"1,371",2.5%,"34,902",63.3%,279,0.5%,322,0.6%,"7,063",12.8%,300,0.5%,"9,671",17.5%,"12,924",23.4%,"42,498",77.0%,73.9%
24,2021-22,"54,197","1,489","3,263","3,762","3,930","3,958","4,146","4,211","4,084","3,779","4,067","4,301","3,892","3,226","2,966","3,123","25,767",47.5%,"28,430",52.5%,,,"10,306",19.0%,"1,193",2.2%,"35,121",64.8%,333,0.6%,313,0.6%,"6,595",12.2%,336,0.6%,"9,330",17.2%,"14,243",26.3%,"40,280",74.3%,71.0%
24,2022-23,"53,707","1,934","3,337","3,602","3,725","3,841","3,948","4,108","4,029","3,767","3,910","4,131","3,820","3,586","2,739","3,230","25,623",47.7%,"28,082",52.3%,2,0.0%,"9,649",18.0%,"1,158",2.2%,"35,145",65.4%,378,0.7%,366,0.7%,"6,344",11.8%,667,1.2%,"9,253",17.2%,"14,499",27.0%,"41,488",77.2%,74.8%
24,2023-24,"53,446","1,984","3,296","3,485","3,638","3,785","3,935","4,023","4,026","3,748","4,038","4,058","3,594","3,661","3,158","3,017","25,523",47.8%,"27,915",52.2%,8,0.0%,"9,401",17.6%,"1,130",2.1%,"35,812",67.0%,431,0.8%,332,0.6%,"6,059",11.3%,281,0.5%,"9,532",17.8%,"15,060",28.2%,"43,531",81.4%,78.2%
24,2024-25,"52,681","2,066","3,270","3,253","3,484","3,641","3,795","3,908","3,866","3,626","3,880","4,097","3,725","3,444","3,151","3,475","25,132",47.7%,"27,541",52.3%,8,0.0%,"9,168",17.4%,"1,169",2.2%,"35,365",67.1%,461,0.9%,397,0.8%,"5,877",11.2%,244,0.5%,"9,320",17.7%,"14,902",28.3%,"42,235",80.2%,78.0%
25,2020-21,"37,515",75,"2,832","2,683","2,755","2,751","2,851","2,789","2,625","2,780","2,810","2,887","2,465","2,658","2,434","2,120","18,279",48.7%,"19,236",51.3%,,,"18,682",49.8%,"2,329",6.2%,"11,404",30.4%,419,1.1%,231,0.6%,"4,209",11.2%,241,0.6%,"5,686",15.2%,"7,249",19.3%,"26,285",70.1%,64.6%
25,2021-22,"37,197","1,625","2,514","2,617","2,581","2,584","2,563","2,693","2,652","2,561","2,631","2,710","2,617","2,418","2,258","2,173","18,282",49.1%,"18,915",50.9%,,,"18,096",48.6%,"2,146",5.8%,"11,813",31.8%,443,1.2%,218,0.6%,"4,182",11.2%,299,0.8%,"5,668",15.2%,"7,356",19.8%,"24,873",66.9%,61.7%
25,2022-23,"37,360","2,150","2,587","2,480","2,629","2,546","2,553","2,532","2,674","2,655","2,527","2,632","2,694","2,481","2,197","2,023","18,340",49.1%,"19,015",50.9%,5,0.0%,"17,739",47.5%,"1,948",5.2%,"12,341",33.0%,482,1.3%,250,0.7%,"4,096",11.0%,504,1.3%,"5,915",15.8%,"7,569",20.3%,"26,155",70.0%,66.6%
25,2023-24,"37,623","2,018","2,651","2,463","2,561","2,666","2,595","2,613","2,597","2,799","2,692","2,679","2,429","2,540","2,298","2,022","18,326",48.7%,"19,293",51.3%,4,0.0%,"17,762",47.2%,"1,853",4.9%,"13,070",34.7%,519,1.4%,223,0.6%,"3,894",10.4%,302,0.8%,"6,127",16.3%,"8,289",22.0%,"27,276",72.5%,69.4%
25,2024-25,"37,534","2,160","2,370","2,457","2,435","2,535","2,659","2,582","2,647","2,660","2,818","2,764","2,623","2,395","2,316","2,113","18,275",48.7%,"19,256",51.3%,3,0.0%,"17,610",46.9%,"1,824",4.9%,"13,290",35.4%,542,1.4%,269,0.7%,"3,745",10.0%,254,0.7%,"6,120",16.3%,"8,813",23.5%,"26,536",70.7%,69.1%
26,2020-21,"31,661",28,"1,666","1,670","1,695","1,736","1,833","1,722","1,795","1,927","1,997","2,167","3,898","3,414","3,164","2,949","15,492",48.9%,"16,169",51.1%,,,"17,039",53.8%,"3,434",10.8%,"5,603",17.7%,481,1.5%,355,1.1%,"4,600",14.5%,149,0.5%,"4,694",14.8%,"2,931",9.3%,"18,155",57.3%,49.2%
26,2021-22,"30,859",912,"1,490","1,624","1,635","1,573","1,664","1,751","1,663","1,760","1,802","1,946","3,684","3,323","3,117","2,915","15,103",48.9%,"15,756",51.1%,,,"16,790",54.4%,"3,243",10.5%,"5,625",18.2%,511,1.7%,342,1.1%,"4,159",13.5%,189,0.6%,"4,644",15.0%,"2,761",8.9%,"17,561",56.9%,47.8%
26,2022-23,"30,607","1,197","1,567","1,519","1,589","1,610","1,588","1,662","1,759","1,790","1,763","1,793","3,414","3,302","3,225","2,829","14,988",49.0%,"15,616",51.0%,3,0.0%,"16,742",54.7%,"3,034",9.9%,"5,722",18.7%,544,1.8%,326,1.1%,"3,881",12.7%,358,1.2%,"4,703",15.4%,"2,706",8.8%,"17,788",58.1%,51.0%
26,2023-24,"31,107","1,227","1,663","1,549","1,574","1,650","1,662","1,642","1,705","1,882","1,854","1,795","3,652","3,243","3,092","2,917","15,288",49.1%,"15,813",50.8%,6,0.0%,"17,097",55.0%,"2,980",9.6%,"6,246",20.1%,617,2.0%,353,1.1%,"3,735",12.0%,79,0.3%,"4,810",15.5%,"3,148",10.1%,"18,834",60.5%,53.8%
26,2024-25,"31,105","1,159","1,510","1,600","1,532","1,568","1,666","1,688","1,694","1,876","1,909","1,884","3,735","3,222","3,237","2,825","15,261",49.1%,"15,841",50.9%,3,0.0%,"17,201",55.3%,"2,910",9.4%,"6,379",20.5%,647,2.1%,368,1.2%,"3,520",11.3%,80,0.3%,"4,793",15.4%,"3,492",11.2%,"18,921",60.8%,55.4%
27,2020-21,"43,662","1,843","2,733","2,787","2,986","3,023","3,040","3,142","3,173","3,408","3,451","3,662","2,853","2,791","2,381","2,389","20,811",47.7%,"22,851",52.3%,,,"9,729",22.3%,"9,159",21.0%,"17,571",40.2%,472,1.1%,"1,970",4.5%,"4,526",10.4%,235,0.5%,"7,894",18.1%,"4,589",10.5%,"33,048",75.7%,70.7%
27,2021-22,"41,502","1,943","2,593","2,790","2,776","2,780","2,847","2,935","3,006","3,057","3,266","3,311","2,836","2,513","2,492","2,357","19,769",47.6%,"21,733",52.4%,,,"9,083",21.9%,"8,533",20.6%,"17,035",41.0%,446,1.1%,"1,893",4.6%,"4,092",9.9%,420,1.0%,"7,650",18.4%,"4,638",11.2%,"30,973",74.6%,68.3%
27,2022-23,"41,150","1,924","2,694","2,717","2,839","2,712","2,725","2,871","2,907","3,015","3,064","3,301","2,916","2,638","2,359","2,468","19,682",47.8%,"21,468",52.2%,0,0.0%,"8,850",21.5%,"8,370",20.3%,"17,232",41.9%,483,1.2%,"1,917",4.7%,"3,876",9.4%,422,1.0%,"7,799",19.0%,"5,013",12.2%,"31,550",76.7%,72.2%
27,2023-24,"41,623","1,842","2,631","2,831","2,882","2,934","2,806","2,905","2,942","2,986","3,154","3,150","2,918","2,773","2,505","2,364","19,958",47.9%,"21,664",52.0%,1,0.0%,"8,881",21.3%,"8,405",20.2%,"17,947",43.1%,538,1.3%,"2,067",5.0%,"3,665",8.8%,120,0.3%,"8,147",19.6%,"5,813",14.0%,"33,193",79.7%,74.9%
27,2024-25,"42,011","1,898","2,605","2,795","2,939","2,880","2,966","2,850","2,944","2,988","3,065","3,200","2,951","2,760","2,606","2,564","20,107",47.9%,"21,903",52.1%,1,0.0%,"9,073",21.6%,"8,325",19.8%,"18,302",43.6%,602,1.4%,"2,116",5.0%,"3,517",8.4%,76,0.2%,"8,137",19.4%,"6,144",14.6%,"33,419",79.5%,75.6%
28,2020-21,"40,681",288,"2,971","2,529","2,655","2,530","2,511","2,518","2,547","2,484","2,546","2,572","3,881","3,743","3,533","3,373","20,299",49.9%,"20,382",50.1%,,,"12,528",30.8%,"7,444",18.3%,"11,559",28.4%,827,2.0%,"1,488",3.7%,"6,454",15.9%,381,0.9%,"6,254",15.4%,"4,452",10.9%,"27,311",67.1%,62.7%
28,2021-22,"39,396","1,647","2,744","2,390","2,364","2,416","2,349","2,326","2,261","2,334","2,294","2,450","3,608","3,495","3,373","3,345","19,666",49.9%,"19,730",50.1%,,,"12,054",30.6%,"7,076",18.0%,"11,519",29.2%,848,2.2%,"1,482",3.8%,"6,111",15.5%,306,0.8%,"6,080",15.4%,"4,178",10.6%,"25,333",64.3%,59.7%
28,2022-23,"39,246","1,891","2,882","2,354","2,421","2,337","2,432","2,311","2,269","2,230","2,338","2,303","3,553","3,353","3,253","3,319","19,513",49.7%,"19,728",50.3%,5,0.0%,"11,735",29.9%,"6,791",17.3%,"11,695",29.8%,941,2.4%,"1,479",3.8%,"5,993",15.3%,612,1.6%,"6,205",15.8%,"4,511",11.5%,"26,452",67.4%,63.9%
28,2023-24,"40,081","1,934","2,834","2,524","2,535","2,522","2,392","2,494","2,343","2,308","2,271","2,417","3,627","3,481","3,263","3,136","19,955",49.8%,"20,121",50.2%,5,0.0%,"11,894",29.7%,"6,760",16.9%,"12,899",32.2%,989,2.5%,"1,496",3.7%,"5,948",14.8%,95,0.2%,"6,335",15.8%,"5,766",14.4%,"28,190",70.3%,67.5%
28,2024-25,"40,125","1,841","2,799","2,465","2,546","2,522","2,540","2,427","2,500","2,290","2,329","2,275","3,751","3,457","3,388","2,995","19,969",49.8%,"20,150",50.2%,6,0.0%,"11,793",29.4%,"6,662",16.6%,"13,301",33.1%,"1,002",2.5%,"1,513",3.8%,"5,762",14.4%,92,0.2%,"6,258",15.6%,"6,139",15.3%,"28,300",70.5%,68.3%
29,2020-21,"24,612",157,"1,801","1,801","1,983","2,045","2,080","2,104","2,240","2,110","2,172","2,251","1,041","1,033",888,906,"11,810",48.0%,"12,802",52.0%,,,"4,265",17.3%,"14,046",57.1%,"4,388",17.8%,302,1.2%,"1,010",4.1%,483,2.0%,118,0.5%,"4,115",16.7%,"2,383",9.7%,"17,989",73.1%,65.9%
29,2021-22,"24,266","1,222","1,838","1,667","1,738","1,834","1,919","1,962","2,024","2,009","2,031","2,101","1,173",973,951,824,"11,650",48.0%,"12,616",52.0%,,,"4,299",17.7%,"13,626",56.2%,"4,512",18.6%,275,1.1%,943,3.9%,428,1.8%,183,0.8%,"4,022",16.6%,"2,367",9.8%,"17,095",70.4%,62.8%
29,2022-23,"24,176","1,364","1,972","1,717","1,722","1,716","1,811","1,928","1,986","1,860","1,970","2,009","1,129","1,132",965,895,"11,621",48.1%,"12,555",51.9%,0,0.0%,"4,283",17.7%,"13,194",54.6%,"4,678",19.3%,312,1.3%,970,4.0%,403,1.7%,336,1.4%,"4,159",17.2%,"2,517",10.4%,"17,692",73.2%,68.3%
29,2023-24,"24,468","1,270","2,056","1,679","1,771","1,738","1,793","1,862","1,985","1,939","1,897","2,061","1,272","1,138","1,097",910,"11,842",48.4%,"12,625",51.6%,1,0.0%,"4,463",18.2%,"13,068",53.4%,"5,180",21.2%,330,1.3%,"1,001",4.1%,341,1.4%,85,0.3%,"4,370",17.9%,"3,006",12.3%,"18,658",76.3%,72.3%
29,2024-25,"24,337","1,212","1,864","1,770","1,713","1,823","1,733","1,795","1,937","1,830","1,999","1,971","1,239","1,251","1,120","1,080","11,727",48.2%,"12,610",51.8%,0,0.0%,"4,558",18.7%,"12,772",52.5%,"5,246",21.6%,345,1.4%,990,4.1%,345,1.4%,81,0.3%,"4,461",18.3%,"3,235",13.3%,"18,406",75.6%,72.5%
30,2020-21,"37,978",113,"2,806","2,550","2,683","2,635","2,627","2,662","2,830","3,061","3,063","3,163","2,832","2,555","2,183","2,215","18,890",49.7%,"19,088",50.3%,,,"8,020",21.1%,"2,356",6.2%,"19,852",52.3%,676,1.8%,259,0.7%,"6,600",17.4%,215,0.6%,"5,864",15.4%,"6,464",17.0%,"27,182",71.6%,69.2%
30,2021-22,"37,664","1,452","2,572","2,564","2,462","2,525","2,554","2,514","2,577","2,999","2,826","2,999","2,715","2,674","2,136","2,095","18,707",49.7%,"18,957",50.3%,,,"7,596",20.2%,"2,314",6.1%,"19,811",52.6%,759,2.0%,261,0.7%,"6,709",17.8%,214,0.6%,"5,797",15.4%,"6,964",18.5%,"25,202",66.9%,65.6%
30,2022-23,"38,080","1,894","2,748","2,480","2,533","2,473","2,532","2,500","2,569","2,781","2,920","2,839","2,833","2,612","2,281","2,085","18,828",49.4%,"19,248",50.5%,4,0.0%,"7,315",19.2%,"2,247",5.9%,"19,822",52.1%,862,2.3%,300,0.8%,"7,048",18.5%,486,1.3%,"5,947",15.6%,"7,467",19.6%,"26,065",68.4%,68.0%
30,2023-24,"39,631","1,945","2,790","2,656","2,680","2,684","2,581","2,676","2,652","2,922","2,801","2,967","3,237","2,559","2,252","2,229","19,558",49.4%,"20,062",50.6%,11,0.0%,"7,391",18.6%,"2,253",5.7%,"21,435",54.1%,936,2.4%,319,0.8%,"7,116",18.0%,181,0.5%,"6,083",15.3%,"9,101",23.0%,"28,503",71.9%,71.1%
30,2024-25,"38,826","2,064","2,794","2,613","2,590","2,599","2,608","2,550","2,699","2,803","2,902","2,767","3,061","2,447","2,263","2,066","19,157",49.3%,"19,663",50.6%,6,0.0%,"7,231",18.6%,"2,276",5.9%,"20,528",52.9%,952,2.5%,328,0.8%,"7,330",18.9%,181,0.5%,"5,960",15.4%,"8,431",21.7%,"27,109",69.8%,69.5%
31,2020-21,"63,051","2,366","3,730","4,033","4,230","4,156","4,413","4,485","4,499","4,295","4,339","4,427","4,763","4,652","4,545","4,118","30,819",48.9%,"32,232",51.1%,,,"8,213",13.0%,"7,524",11.9%,"18,320",29.1%,"1,116",1.8%,300,0.5%,"27,274",43.3%,304,0.5%,"15,184",24.1%,"4,377",6.9%,"36,259",57.5%,53.9%
31,2021-22,"61,838","2,597","3,743","3,955","4,067","4,118","4,057","4,333","4,421","4,103","4,275","4,301","4,666","4,591","4,657","3,954","30,191",48.8%,"31,647",51.2%,,,"9,161",14.8%,"7,283",11.8%,"18,003",29.1%,"1,146",1.9%,290,0.5%,"25,672",41.5%,283,0.5%,"14,985",24.2%,"4,605",7.4%,"35,963",58.2%,53.8%
31,2022-23,"61,409","2,823","3,725","3,873","4,059","4,092","4,138","4,046","4,386","4,180","4,145","4,271","4,401","4,612","4,501","4,157","29,951",48.8%,"31,453",51.2%,5,0.0%,"10,171",16.6%,"6,904",11.2%,"17,842",29.1%,"1,163",1.9%,274,0.4%,"24,494",39.9%,561,0.9%,"15,212",24.8%,"4,867",7.9%,"37,281",60.7%,57.0%
31,2023-24,"61,255","2,673","3,865","3,773","3,998","4,165","4,142","4,225","4,164","4,169","4,252","4,191","4,523","4,454","4,352","4,309","29,876",48.8%,"31,369",51.2%,10,0.0%,"11,020",18.0%,"6,668",10.9%,"18,105",29.6%,"1,247",2.0%,263,0.4%,"23,831",38.9%,121,0.2%,"15,454",25.2%,"5,060",8.3%,"38,675",63.1%,59.6%
31,2024-25,"61,031","2,735","3,660","3,755","3,850","4,044","4,229","4,209","4,301","4,073","4,224","4,375","4,586","4,459","4,331","4,200","29,659",48.6%,"31,366",51.4%,6,0.0%,"11,498",18.8%,"6,552",10.7%,"18,035",29.6%,"1,294",2.1%,280,0.5%,"23,257",38.1%,115,0.2%,"15,409",25.2%,"5,087",8.3%,"38,655",63.3%,59.9%
32,2020-21,"11,204",731,"1,014",538,651,656,674,679,789,956,961,"1,019",669,676,625,566,"5,427",48.4%,"5,777",51.6%,,,245,2.2%,"1,766",15.8%,"8,602",76.8%,91,0.8%,54,0.5%,307,2.7%,139,1.2%,"2,207",19.7%,"2,260",20.2%,"9,549",85.2%,87.5%
32,2021-22,"11,181",777,972,615,618,696,677,703,731,919,930,989,694,654,623,583,"5,405",48.3%,"5,776",51.7%,,,220,2.0%,"1,690",15.1%,"8,812",78.8%,42,0.4%,56,0.5%,310,2.8%,51,0.5%,"2,136",19.1%,"2,716",24.3%,"9,209",82.4%,82.9%
32,2022-23,"10,676",781,914,582,596,621,658,676,718,835,911,928,578,661,622,595,"5,145",48.2%,"5,531",51.8%,0,0.0%,213,2.0%,"1,503",14.1%,"8,368",78.4%,36,0.3%,77,0.7%,336,3.1%,143,1.3%,"2,120",19.9%,"2,761",25.9%,"9,083",85.1%,85.8%
32,2023-24,"10,596",712,940,623,620,620,614,670,705,830,851,923,629,625,633,601,"5,066",47.8%,"5,529",52.2%,1,0.0%,213,2.0%,"1,423",13.4%,"8,427",79.5%,43,0.4%,73,0.7%,318,3.0%,99,0.9%,"2,112",19.9%,"2,885",27.2%,"9,417",88.9%,88.5%
32,2024-25,"9,888",579,869,541,601,619,609,595,675,741,805,841,580,598,619,616,"4,688",47.4%,"5,199",52.6%,1,0.0%,206,2.1%,"1,276",12.9%,"7,908",80.0%,46,0.5%,60,0.6%,302,3.1%,90,0.9%,"1,979",20.0%,"2,794",28.3%,"8,776",88.8%,88.9%
75,2020-21,"26,524",133,275,"1,727","1,937","1,901","1,898","1,804","1,891","1,755","1,895","1,732","1,875","1,782","1,474","4,445","7,025",26.5%,"19,499",73.5%,,,"2,517",9.5%,"9,229",34.8%,"10,850",40.9%,243,0.9%,425,1.6%,"3,247",12.2%,13,0.0%,"26,231",98.9%,"5,801",21.9%,"23,255",87.7%,89.5%
75,2021-22,"25,937",153,207,"1,570","1,902","1,876","1,816","1,806","1,694","1,809","1,630","1,813","1,845","1,749","1,511","4,556","6,925",26.7%,"19,012",73.3%,,,"2,654",10.2%,"8,809",34.0%,"10,596",40.9%,267,1.0%,427,1.6%,"3,176",12.2%,8,0.0%,"25,624",98.8%,"6,007",23.2%,"22,650",87.3%,88.9%
75,2022-23,"26,245",143,255,"1,927","1,994","2,031","1,879","1,797","1,776","1,627","1,739","1,637","1,972","1,723","1,511","4,234","6,999",26.7%,"19,244",73.3%,2,0.0%,"2,838",10.8%,"8,670",33.0%,"10,831",41.3%,292,1.1%,472,1.8%,"3,135",11.9%,7,0.0%,"25,972",99.0%,"6,264",23.9%,"23,103",88.0%,89.6%
75,2023-24,"27,657",166,299,"1,980","2,484","2,139","2,082","1,909","1,814","1,704","1,640","1,698","1,930","1,879","1,555","4,378","7,402",26.8%,"20,250",73.2%,5,0.0%,"3,095",11.2%,"9,062",32.8%,"11,503",41.6%,329,1.2%,516,1.9%,"3,145",11.4%,7,0.0%,"27,411",99.1%,"6,612",23.9%,"24,988",90.3%,91.6%
75,2024-25,"29,291",146,262,"2,164","2,471","2,604","2,176","2,115","1,908","1,679","1,713","1,630","1,947","1,841","1,649","4,986","7,921",27.0%,"21,364",72.9%,6,0.0%,"3,334",11.4%,"9,468",32.3%,"12,358",42.2%,405,1.4%,481,1.6%,"3,238",11.1%,7,0.0%,"29,002",99.0%,"7,106",24.3%,"26,542",90.6%,92.0%
79,2020-21,"7,234",0,0,0,0,0,0,0,0,3,9,146,270,"3,693",457,"2,656","2,713",37.5%,"4,521",62.5%,,,691,9.6%,"2,577",35.6%,"3,329",46.0%,25,0.3%,100,1.4%,508,7.0%,4,0.1%,"1,606",22.2%,"1,051",14.5%,"5,758",79.6%,87.0%
79,2021-22,"5,055",0,0,0,0,0,0,0,0,2,96,113,231,"2,218",339,"2,056","1,723",34.1%,"3,332",65.9%,,,456,9.0%,"1,857",36.7%,"2,313",45.8%,24,0.5%,66,1.3%,338,6.7%,1,0.0%,"1,214",24.0%,731,14.5%,"3,848",76.1%,85.0%
79,2022-23,"5,613",0,0,0,0,0,0,0,0,0,81,106,248,"2,730",325,"2,123","1,899",33.8%,"3,713",66.2%,1,0.0%,494,8.8%,"1,994",35.5%,"2,668",47.5%,39,0.7%,82,1.5%,336,6.0%,0,0.0%,"1,282",22.8%,713,12.7%,"4,426",78.9%,87.7%
79,2023-24,"6,793",0,0,0,0,0,0,0,0,1,131,114,285,"3,603",325,"2,334","2,336",34.4%,"4,455",65.6%,2,0.0%,651,9.6%,"2,325",34.2%,"3,299",48.6%,31,0.5%,108,1.6%,379,5.6%,0,0.0%,"1,503",22.1%,841,12.4%,"5,572",82.0%,89.8%
79,2024-25,"6,939",0,0,0,0,0,0,0,0,4,121,112,297,"3,427",277,"2,701","2,210",31.8%,"4,725",68.1%,4,0.1%,615,8.9%,"2,537",36.6%,"3,299",47.5%,31,0.4%,87,1.3%,370,5.3%,0,0.0%,"1,442",20.8%,985,14.2%,"5,799",83.6%,91.6%
84,2020-21,"138,648",0,636,"13,122","13,775","13,331","12,526","11,982","11,474","12,952","12,093","10,584","7,746","7,269","6,065","5,093","70,093",50.6%,"68,555",49.4%,,,"4,292",3.1%,"68,676",49.5%,"56,084",40.5%,"1,543",1.1%,"1,556",1.1%,"6,052",4.4%,445,0.3%,"25,299",18.2%,"10,755",7.8%,"112,037",80.8%,78.0%
84,2021-22,"139,752",0,863,"12,299","13,122","13,154","12,688","11,963","11,694","12,849","12,336","11,538","8,075","7,221","6,248","5,702","70,506",50.5%,"69,246",49.5%,,,"4,526",3.2%,"67,765",48.5%,"57,427",41.1%,"1,907",1.4%,"1,526",1.1%,"6,106",4.4%,495,0.4%,"25,970",18.6%,"12,672",9.1%,"112,123",80.2%,77.8%
84,2022-23,"140,918",0,"1,217","11,988","12,787","12,821","12,850","12,135","11,681","13,115","12,539","11,877","8,210","7,448","6,404","5,846","71,263",50.6%,"69,649",49.4%,6,0.0%,"4,840",3.4%,"66,832",47.4%,"59,177",42.0%,"1,842",1.3%,"1,451",1.0%,"6,315",4.5%,461,0.3%,"27,172",19.3%,"13,481",9.6%,"115,059",81.6%,79.8%
84,2023-24,"145,997",0,"1,305","12,684","12,815","13,080","12,873","12,590","12,261","13,372","12,924","12,406","8,769","8,075","6,760","6,083","74,247",50.9%,"71,729",49.1%,21,0.0%,"5,125",3.5%,"66,962",45.9%,"63,215",43.3%,"2,143",1.5%,"1,584",1.1%,"6,589",4.5%,379,0.3%,"28,608",19.6%,"14,773",10.1%,"121,294",83.1%,81.9%
84,2024-25,"148,089",0,"1,341","12,175","12,980","12,880","12,907","12,754","12,398","13,680","13,040","12,733","8,889","8,433","7,299","6,580","75,804",51.2%,"72,263",48.8%,22,0.0%,"5,442",3.7%,"66,328",44.8%,"65,812",44.4%,"2,127",1.4%,"1,607",1.1%,"6,453",4.4%,320,0.2%,"28,191",19.0%,"16,258",11.0%,"123,594",83.5%,83.1%